{
	"body":
	{
		"type": "m_med_unw"
	},
	"face":
	{
		"freckles":
		{
			"option": "Freckles1",
			"density": 0.58643615245819092,
			"saturation": 0.5,
			"strength": 0.13164894282817841,
			"toneShift": 0.5
		},
		"accents":
		{
			"scalp":
			{
				"redness": 0,
				"saturation": 0,
				"lightness": 0
			},
			"forehead":
			{
				"redness": 0,
				"saturation": 0,
				"lightness": 0
			},
			"nose":
			{
				"redness": 0,
				"saturation": 0,
				"lightness": 0
			},
			"underEye":
			{
				"redness": 0,
				"saturation": -0.20212775468826294,
				"lightness": -0.93617022037506104
			},
			"cheeks":
			{
				"redness": 0,
				"saturation": 0,
				"lightness": 0
			},
			"lips":
			{
				"redness": 0.085291743278503418,
				"saturation": -0.1860775351524353,
				"lightness": -0.42404758930206299
			},
			"chin":
			{
				"redness": 0,
				"saturation": 0,
				"lightness": 0
			},
			"ears":
			{
				"redness": 0,
				"saturation": 0,
				"lightness": 0
			}
		},
		"leftEye":
		{
			"iris":
			{
				"option": "003",
				"color1UI":
				{
					"x": 0.8399999737739563,
					"y": 0
				},
				"color1":
				{
					"r": 0.028426039963960648,
					"g": 0.015208514407277107,
					"b": 0.0069954101927578449,
					"a": 1
				},
				"color2UI":
				{
					"x": 0.77999997138977051,
					"y": 0.50999999046325684
				},
				"color2":
				{
					"r": 0.11697066575288773,
					"g": 0.061246052384376526,
					"b": 0.026241222396492958,
					"a": 1
				},
				"bUseRadialBlend": false,
				"colorBalance": 0.54000002145767212,
				"colorBalanceSmoothness": 0.37999999523162842,
				"size": 0.5,
				"saturation": 0.56000000238418579,
				"limbusDarkAmount": 0.5
			},
			"sclera":
			{
				"tintUI":
				{
					"x": 0.67964053153991699,
					"y": 0.69166648387908936
				},
				"tint":
				{
					"r": 0.98225057125091553,
					"g": 0.84687322378158569,
					"b": 0.7304607629776001,
					"a": 1
				},
				"brightness": 0.81781917810440063,
				"rotation": 0,
				"vascularity": 0.59441483020782471,
				"veinsRotation": 0
			}
		},
		"rightEye":
		{
			"iris":
			{
				"option": "005",
				"color1UI":
				{
					"x": 0.80000001192092896,
					"y": 0
				},
				"color1":
				{
					"r": 0.028426039963960648,
					"g": 0.015208514407277107,
					"b": 0.0065120905637741089,
					"a": 1
				},
				"color2UI":
				{
					"x": 0.77999997138977051,
					"y": 0.50999999046325684
				},
				"color2":
				{
					"r": 0.11697066575288773,
					"g": 0.061246052384376526,
					"b": 0.026241222396492958,
					"a": 1
				},
				"bUseRadialBlend": false,
				"colorBalance": 0.54000002145767212,
				"colorBalanceSmoothness": 0.37999999523162842,
				"size": 0.5,
				"saturation": 0.56000000238418579,
				"limbusDarkAmount": 0.5
			},
			"sclera":
			{
				"tintUI":
				{
					"x": 0.67964053153991699,
					"y": 0.69166648387908936
				},
				"tint":
				{
					"r": 0.98225057125091553,
					"g": 0.84687322378158569,
					"b": 0.7304607629776001,
					"a": 1
				},
				"brightness": 0.81781917810440063,
				"rotation": 0,
				"vascularity": 0.59441483020782471,
				"veinsRotation": 0
			}
		},
		"teeth":
		{
			"teethColorUI":
			{
				"x": 0.34999999403953552,
				"y": 0.34999999403953552
			},
			"teethColor":
			{
				"r": 0.67954248189926147,
				"g": 0.52099555730819702,
				"b": 0.33716362714767456,
				"a": 1
			},
			"gumColorUI":
			{
				"x": 0.34999999403953552,
				"y": 0.34999999403953552
			},
			"gumColor":
			{
				"r": 0.39157247543334961,
				"g": 0.078187420964241028,
				"b": 0.064803265035152435,
				"a": 1
			},
			"plaqueColorUI":
			{
				"x": 0.34999999403953552,
				"y": 0.34999999403953552
			},
			"plaqueColor":
			{
				"r": 0.60382735729217529,
				"g": 0.41788506507873535,
				"b": 0.11443537473678589,
				"a": 1
			},
			"plaqueAmount": 0.11999999731779099
		},
		"makeup":
		{
			"foundation":
			{
				"bApplyFoundation": false,
				"color":
				{
					"r": 0.61049598455429077,
					"g": 0.25415199995040894,
					"b": 0.15896099805831909,
					"a": 1
				},
				"intensity": 0.5,
				"roughness": 0.25,
				"concealer": 0
			},
			"eyes":
			{
				"option": "None",
				"primaryColor":
				{
					"r": 0,
					"g": 0,
					"b": 0,
					"a": 1
				},
				"secondaryColor":
				{
					"r": 0,
					"g": 0,
					"b": 0,
					"a": 1
				},
				"roughness": 0.5,
				"transparency": 0.63231378793716431,
				"metalness": 0
			},
			"blusher":
			{
				"option": "None",
				"color":
				{
					"r": 0.34509798884391785,
					"g": 0,
					"b": 0,
					"a": 1
				},
				"intensity": 0.40000000596046448,
				"roughness": 0.25
			},
			"lips":
			{
				"option": "Natural",
				"color":
				{
					"r": 1,
					"g": 0.48000001907348633,
					"b": 0.48000001907348633,
					"a": 0
				},
				"roughness": 0.5,
				"transparency": 0.85158950090408325
			}
		}
	},
	"textureSynthesis":
	{
		"bSkinUnlocked": true,
		"lowFrequency": 0.019946807995438576,
		"highFrequency": 1,
		"contrast": 0.83244681358337402,
		"skinToneUI":
		{
			"x": 0.27544909715652466,
			"y": 0.13333334028720856
		},
		"skinTone":
		{
			"r": 0.59720176458358765,
			"g": 0.24620132148265839,
			"b": 0.15292614698410034,
			"a": 1
		}
	},
	"grooms":
	{
		"hair":
		{
			"option": "RecedingHair",
			"length": 1,
			"bUseCustomProperties": true,
			"melaninAndRedness":
			{
				"x": 0.21556886227544911,
				"y": 0
			},
			"roughness": 0.37000000476837158,
			"whiteness": 0,
			"lightness": 0.5,
			"presetOption": "None",
			"bUseDyeColor": false,
			"dyeColor":
			{
				"r": 0.32156899571418762,
				"g": 0,
				"b": 0.69019597768783569,
				"a": 1
			},
			"bUseRegions": false,
			"regionsUV":
			{
				"x": 0.28189998865127563,
				"y": 0.25
			},
			"bUseRegionsColor": false,
			"regionsColor":
			{
				"r": 1,
				"g": 1,
				"b": 1,
				"a": 1
			},
			"regionsPresetOption": "None",
			"bUseOmbre": false,
			"ombreUV":
			{
				"x": 0.28189998865127563,
				"y": 0.25
			},
			"bUseOmbreColor": false,
			"ombreColor":
			{
				"r": 1,
				"g": 1,
				"b": 1,
				"a": 1
			},
			"ombreShift": 0.5,
			"ombreContrast": 0,
			"ombreIntensity": 1,
			"ombrePresetOption": "None",
			"bUseHighlights": false,
			"highlightsUV":
			{
				"x": 0.28189998865127563,
				"y": 0.25
			},
			"bUseHighlightsColor": false,
			"highlightsColor":
			{
				"r": 1,
				"g": 1,
				"b": 1,
				"a": 1
			},
			"highlightsBlending": 0.5,
			"highlightsIntensity": 0.5,
			"highlightsVariation": 0,
			"highlightsPresetOption": "None",
			"eyebrowsShading": 1,
			"eyebrowsMicroblading": 1,
			"bUseMaskModulation": false,
			"maskModulationOption": "None"
		},
		"eyebrows":
		{
			"option": "MediumScragglyEyebrows",
			"length": 1,
			"bUseCustomProperties": true,
			"melaninAndRedness":
			{
				"x": 0.19461077844311378,
				"y": 0
			},
			"roughness": 0.25,
			"whiteness": 0,
			"lightness": 0.5,
			"presetOption": "None",
			"bUseDyeColor": false,
			"dyeColor":
			{
				"r": 0.32156899571418762,
				"g": 0,
				"b": 0.69019597768783569,
				"a": 1
			},
			"bUseRegions": false,
			"regionsUV":
			{
				"x": 0.28189998865127563,
				"y": 0.25
			},
			"bUseRegionsColor": false,
			"regionsColor":
			{
				"r": 1,
				"g": 1,
				"b": 1,
				"a": 1
			},
			"regionsPresetOption": "None",
			"bUseOmbre": false,
			"ombreUV":
			{
				"x": 0.28189998865127563,
				"y": 0.25
			},
			"bUseOmbreColor": false,
			"ombreColor":
			{
				"r": 1,
				"g": 1,
				"b": 1,
				"a": 1
			},
			"ombreShift": 0.5,
			"ombreContrast": 0,
			"ombreIntensity": 1,
			"ombrePresetOption": "None",
			"bUseHighlights": false,
			"highlightsUV":
			{
				"x": 0.28189998865127563,
				"y": 0.25
			},
			"bUseHighlightsColor": false,
			"highlightsColor":
			{
				"r": 1,
				"g": 1,
				"b": 1,
				"a": 1
			},
			"highlightsBlending": 0.5,
			"highlightsIntensity": 0.5,
			"highlightsVariation": 0,
			"highlightsPresetOption": "None",
			"eyebrowsShading": 1,
			"eyebrowsMicroblading": 1,
			"bUseMaskModulation": false,
			"maskModulationOption": "None"
		},